[
  {
    "id": "34b8897b-604f-43fd-9576-f3936a6ad0cc",
    "data": [
      {
        "text": "customer ID is ",
        "userDefined": false
      },
      {
        "text": "A1CY6CQC5HPQGL",
        "meta": "@sys.any",
        "alias": "ReviewerID",
        "userDefined": true
      }
    ],
    "isTemplate": false,
    "count": 0,
    "lang": "en",
    "updated": 0
  },
  {
    "id": "3c25a98f-17b0-455a-80b9-5578e25680ec",
    "data": [
      {
        "text": "A1CY6CQC5HPQGL",
        "meta": "@sys.any",
        "alias": "ReviewerID",
        "userDefined": true
      }
    ],
    "isTemplate": false,
    "count": 0,
    "lang": "en",
    "updated": 0
  },
  {
    "id": "9a011538-9d15-4fe9-9b6d-d1d60829f085",
    "data": [
      {
        "text": "A3TIWHNJXMSIU7",
        "meta": "@sys.any",
        "alias": "ReviewerID",
        "userDefined": true
      }
    ],
    "isTemplate": false,
    "count": 0,
    "lang": "en",
    "updated": 0
  },
  {
    "id": "33417a61-d359-459f-bc3b-d1a5fc7011c6",
    "data": [
      {
        "text": "my customer ID is ",
        "userDefined": false
      },
      {
        "text": "A3TIWHNJXMSIU7",
        "meta": "@sys.any",
        "alias": "ReviewerID",
        "userDefined": true
      }
    ],
    "isTemplate": false,
    "count": 0,
    "lang": "en",
    "updated": 0
  }
]