[
  {
    "id": "81d0de90-39db-4bc1-8081-317cfb296508",
    "data": [
      {
        "text": "product ID is ",
        "userDefined": false
      },
      {
        "text": "B00002N5EL",
        "meta": "@sys.any",
        "alias": "ProductID",
        "userDefined": true
      }
    ],
    "isTemplate": false,
    "count": 0,
    "lang": "en",
    "updated": 0
  },
  {
    "id": "d9e59255-6fe6-4ab8-9b43-34642495ecc0",
    "data": [
      {
        "text": "B0007A5O3G",
        "meta": "@sys.any",
        "alias": "ProductID",
        "userDefined": true
      }
    ],
    "isTemplate": false,
    "count": 0,
    "lang": "en",
    "updated": 0
  }
]