[
  {
    "id": "8266ba1c-8efe-4d69-9b45-fb0495909919",
    "data": [
      {
        "text": "display detail for ",
        "userDefined": false
      },
      {
        "text": "B00004YUMU",
        "meta": "@sys.any",
        "alias": "ProductID",
        "userDefined": true
      }
    ],
    "isTemplate": false,
    "count": 0,
    "lang": "en",
    "updated": 0
  },
  {
    "id": "a15420a0-1962-4ea1-a8da-b0ef37283517",
    "data": [
      {
        "text": "display ",
        "userDefined": false
      },
      {
        "text": "B00004YUMU",
        "meta": "@sys.any",
        "alias": "ProductID",
        "userDefined": true
      }
    ],
    "isTemplate": false,
    "count": 0,
    "lang": "en",
    "updated": 0
  },
  {
    "id": "792e3ba9-8ffd-4e2f-a4f0-527e0cae2c07",
    "data": [
      {
        "text": "tell me more about  ",
        "userDefined": false
      },
      {
        "text": "B000BPK6XU",
        "meta": "@sys.any",
        "alias": "ProductID",
        "userDefined": true
      }
    ],
    "isTemplate": false,
    "count": 0,
    "lang": "en",
    "updated": 0
  },
  {
    "id": "a66a27a3-3194-4845-ae9d-4ec067b97673",
    "data": [
      {
        "text": "show detail for ",
        "userDefined": false
      },
      {
        "text": "B000BPK6XU",
        "meta": "@sys.any",
        "alias": "ProductID",
        "userDefined": true
      }
    ],
    "isTemplate": false,
    "count": 0,
    "lang": "en",
    "updated": 0
  },
  {
    "id": "2cc2befb-13fd-42dd-ae3f-27142c0a4945",
    "data": [
      {
        "text": "show me ",
        "userDefined": false
      },
      {
        "text": "B00009V3UC",
        "meta": "@sys.any",
        "alias": "ProductID",
        "userDefined": true
      }
    ],
    "isTemplate": false,
    "count": 0,
    "lang": "en",
    "updated": 0
  },
  {
    "id": "52b8e692-c99f-4b70-be77-50e2dfd3118d",
    "data": [
      {
        "text": "show ",
        "userDefined": false
      },
      {
        "text": "B00009V3UR",
        "meta": "@sys.any",
        "alias": "ProductID",
        "userDefined": true
      }
    ],
    "isTemplate": false,
    "count": 0,
    "lang": "en",
    "updated": 0
  },
  {
    "id": "8088b9a2-50b3-4673-832e-56c0a21272e7",
    "data": [
      {
        "text": "show me the detail of ",
        "userDefined": false
      },
      {
        "text": "B00004YWK7",
        "meta": "@sys.any",
        "alias": "ProductID",
        "userDefined": true
      }
    ],
    "isTemplate": false,
    "count": 0,
    "lang": "en",
    "updated": 0
  }
]