[
  {
    "id": "0e60350f-d54e-47b7-ba5d-9d69b03db7e7",
    "data": [
      {
        "text": "product id is ",
        "userDefined": false
      },
      {
        "text": "B0007A5O3G",
        "meta": "@sys.any",
        "alias": "ProductID",
        "userDefined": true
      }
    ],
    "isTemplate": false,
    "count": 0,
    "lang": "en",
    "updated": 0
  },
  {
    "id": "8d231373-afe7-467e-a88b-95e2902e8e33",
    "data": [
      {
        "text": "B0002I20B2",
        "meta": "@sys.any",
        "alias": "ProductID",
        "userDefined": true
      }
    ],
    "isTemplate": false,
    "count": 0,
    "lang": "en",
    "updated": 0
  }
]