[
  {
    "id": "520bfeb0-3f8a-40e9-ae8d-f5a7bbdcafe2",
    "data": [
      {
        "text": "give some recommendation for product ",
        "userDefined": false
      },
      {
        "text": "B00006IV17",
        "meta": "@sys.any",
        "alias": "ProductID",
        "userDefined": true
      }
    ],
    "isTemplate": false,
    "count": 0,
    "lang": "en",
    "updated": 0
  },
  {
    "id": "eac7e54e-7627-4d5f-9960-0dbb6f31575a",
    "data": [
      {
        "text": "please give me recommendation for product  ",
        "userDefined": false
      },
      {
        "text": "B000AST3AK",
        "meta": "@sys.any",
        "alias": "ProductID",
        "userDefined": true
      }
    ],
    "isTemplate": false,
    "count": 0,
    "lang": "en",
    "updated": 0
  },
  {
    "id": "84e62ce8-4e66-4977-99eb-b703072f65de",
    "data": [
      {
        "text": "Please give me some recommendation for product  ",
        "userDefined": false
      },
      {
        "text": "B00006IV17",
        "meta": "@sys.any",
        "alias": "ProductID",
        "userDefined": true
      }
    ],
    "isTemplate": false,
    "count": 0,
    "lang": "en",
    "updated": 0
  }
]