[
  {
    "id": "f3f8f199-e3be-4391-aa85-381ea5be3135",
    "data": [
      {
        "text": "I need some suggestion",
        "userDefined": false
      }
    ],
    "isTemplate": false,
    "count": 0,
    "lang": "en",
    "updated": 0
  },
  {
    "id": "5b1ca824-fdcb-45e1-9c08-d58f0104ea52",
    "data": [
      {
        "text": "I want to buy something, do you have any recommendation?",
        "userDefined": false
      }
    ],
    "isTemplate": false,
    "count": 0,
    "lang": "en",
    "updated": 0
  },
  {
    "id": "586341a1-27bd-4bed-82dc-6326c928e7c8",
    "data": [
      {
        "text": "give me some recommendation",
        "userDefined": false
      }
    ],
    "isTemplate": false,
    "count": 0,
    "lang": "en",
    "updated": 0
  }
]