[
  {
    "id": "79d78a7e-e722-49c6-9154-362674694721",
    "data": [
      {
        "text": "give me some suggestion for customer ",
        "userDefined": false
      },
      {
        "text": "A1CY6CQC5HPQGL",
        "meta": "@sys.any",
        "alias": "ReviewerID",
        "userDefined": true
      }
    ],
    "isTemplate": false,
    "count": 0,
    "lang": "en",
    "updated": 0
  },
  {
    "id": "b33cb5ee-d1b8-4bfe-ac0f-dfcfb8caf1b7",
    "data": [
      {
        "text": "my customer ID is ",
        "userDefined": false
      },
      {
        "text": "A3TIWHNJXMSIU7",
        "meta": "@sys.any",
        "alias": "ReviewerID",
        "userDefined": true
      },
      {
        "text": ", recommend something to me",
        "userDefined": false
      }
    ],
    "isTemplate": false,
    "count": 0,
    "lang": "en",
    "updated": 0
  },
  {
    "id": "07bf93db-c1b2-4813-b1f2-df6c07b83603",
    "data": [
      {
        "text": "give me some recommendation for customer ",
        "userDefined": false
      },
      {
        "text": "A1CY6CQC5HPQGL",
        "meta": "@sys.any",
        "alias": "ReviewerID",
        "userDefined": true
      }
    ],
    "isTemplate": false,
    "count": 0,
    "lang": "en",
    "updated": 0
  }
]